<?xml-stylesheet type="text/xsl" href="https://gistdata.itos.uga.edu/sites/default/files/stylesheets/ISO19139.xsl" version="1.0" encoding="UTF-8"?>
<MD_Metadata xmlns:xalan="http://xml.apache.org/xslt" xmlns:gco="http://www.isotc211.org/2005/gco" xmlns:gml="http://www.opengis.net/gml" xmlns="http://www.isotc211.org/2005/gmd">
   <fileIdentifier>
      <gco:CharacterString>{5043F0E1-110F-430C-B309-2466FD0939F7}</gco:CharacterString>
   </fileIdentifier>
   <language>
      <gco:CharacterString>English</gco:CharacterString>
   </language>
   <characterSet>
      <MD_CharacterSetCode codeList="http://www.isotc211.org/2005/resources/Codelist/gmxCodelists.xml#MD_CharacterSetCode" codeSpace="ISOTC211/19115" codeListValue="utf8">utf8</MD_CharacterSetCode>
   </characterSet>
   <hierarchyLevel>
      <MD_ScopeCode codeList="http://www.isotc211.org/2005/resources/Codelist/gmxCodelists.xml#MD_ScopeCode" codeSpace="ISOTC211/19115" codeListValue="dataset">dataset</MD_ScopeCode>
   </hierarchyLevel>
   <hierarchyLevelName>
      <gco:CharacterString>dataset</gco:CharacterString>
   </hierarchyLevelName>
   <contact>
      <CI_ResponsibleParty>
         <individualName>
            <gco:CharacterString>Staff</gco:CharacterString>
         </individualName>
         <organisationName>
            <gco:CharacterString>Geographic Information Support Team</gco:CharacterString>
         </organisationName>
         <positionName>
            <gco:CharacterString>Data Repository</gco:CharacterString>
         </positionName>
         <contactInfo>
            <CI_Contact>
               <phone>
                  <CI_Telephone>
                     <voice>
                        <gco:CharacterString>(706) 542-7766</gco:CharacterString>
                     </voice>
                     <facsimile>
                        <gco:CharacterString>(706)542-6535</gco:CharacterString>
                     </facsimile>
                  </CI_Telephone>
               </phone>
               <address>
                  <CI_Address>
                     <deliveryPoint>
                        <gco:CharacterString>1180 E. Broad Street</gco:CharacterString>
                     </deliveryPoint>
                     <city>
                        <gco:CharacterString>Athens</gco:CharacterString>
                     </city>
                     <administrativeArea>
                        <gco:CharacterString>Georgia</gco:CharacterString>
                     </administrativeArea>
                     <postalCode>
                        <gco:CharacterString>30602</gco:CharacterString>
                     </postalCode>
                     <country>
                        <gco:CharacterString>United States</gco:CharacterString>
                     </country>
                     <electronicMailAddress>
                        <gco:CharacterString>gist-admin@cviog.itos.uga.edu</gco:CharacterString>
                     </electronicMailAddress>
                  </CI_Address>
               </address>
            </CI_Contact>
         </contactInfo>
         <role>
            <CI_RoleCode codeList="http://www.isotc211.org/2005/resources/Codelist/gmxCodelists.xml#CI_RoleCode" codeSpace="ISOTC211/19115" codeListValue="publisher">publisher</CI_RoleCode>
         </role>
      </CI_ResponsibleParty>
   </contact>
   <dateStamp>
      <gco:Date>2011-12-08</gco:Date>
   </dateStamp>
   <metadataStandardName>
      <gco:CharacterString>ISO 19139/19115</gco:CharacterString>
   </metadataStandardName>
   <metadataStandardVersion>
      <gco:CharacterString>2003</gco:CharacterString>
   </metadataStandardVersion>
   <spatialRepresentationInfo>
      <MD_VectorSpatialRepresentation>
         <topologyLevel>
            <MD_TopologyLevelCode codeList="http://www.isotc211.org/2005/resources/Codelist/gmxCodelists.xml#MD_TopologyLevelCode" codeSpace="ISOTC211/19115" codeListValue="geometryOnly">geometryOnly</MD_TopologyLevelCode>
         </topologyLevel>
         <geometricObjects>
            <MD_GeometricObjects>
               <geometricObjectType>
                  <MD_GeometricObjectTypeCode codeList="http://www.isotc211.org/2005/resources/Codelist/gmxCodelists.xml#MD_GeometricObjectTypeCode" codeSpace="ISOTC211/19115" codeListValue="complex">complex</MD_GeometricObjectTypeCode>
               </geometricObjectType>
               <geometricObjectCount>
                  <gco:Integer>47</gco:Integer>
               </geometricObjectCount>
            </MD_GeometricObjects>
         </geometricObjects>
      </MD_VectorSpatialRepresentation>
   </spatialRepresentationInfo>
   <referenceSystemInfo>
      <MD_ReferenceSystem>
         <referenceSystemIdentifier>
            <RS_Identifier>
               <code>
                  <gco:CharacterString>GCS_WGS_1984</gco:CharacterString>
               </code>
            </RS_Identifier>
         </referenceSystemIdentifier>
      </MD_ReferenceSystem>
   </referenceSystemInfo>
   <identificationInfo>
      <MD_DataIdentification>
         <citation>
            <CI_Citation>
               <title>
                  <gco:CharacterString>Pakistan Level 3 Administrative Boundaries (Tehsils) for FATA</gco:CharacterString>
               </title>
               <date>
                  <CI_Date>
                     <date>
                        <gco:Date>2010-05-19</gco:Date>
                     </date>
                     <dateType>
                        <CI_DateTypeCode codeList="http://www.isotc211.org/2005/resources/Codelist/gmxCodelists.xml#CI_DateTypeCode" codeSpace="ISOTC211/19115" codeListValue="publication">publication</CI_DateTypeCode>
                     </dateType>
                  </CI_Date>
               </date>
               <presentationForm>
                  <CI_PresentationFormCode codeList="http://www.isotc211.org/2005/resources/Codelist/gmxCodelists.xml#CI_PresentationFormCode" codeSpace="ISOTC211/19115" codeListValue="mapDigital">mapDigital</CI_PresentationFormCode>
               </presentationForm>
            </CI_Citation>
         </citation>
         <abstract>
            <gco:CharacterString>Polygons represent level 3 Administrative Boundaries (Tehsils) for FATA in Pakistan.</gco:CharacterString>
         </abstract>
         <pointOfContact>
            <CI_ResponsibleParty>
               <individualName>
                  <gco:CharacterString>GIU Staff</gco:CharacterString>
               </individualName>
               <organisationName>
                  <gco:CharacterString>US Agency for International Development/OFDA</gco:CharacterString>
               </organisationName>
               <positionName>
                  <gco:CharacterString>Economic and Humanitarian Assistance</gco:CharacterString>
               </positionName>
               <contactInfo>
                  <CI_Contact>
                     <phone>
                        <CI_Telephone>
                           <voice>
                              <gco:CharacterString>(202)661-9321</gco:CharacterString>
                           </voice>
                           <facsimile>
                              <gco:CharacterString>(202)347-0315</gco:CharacterString>
                           </facsimile>
                        </CI_Telephone>
                     </phone>
                     <address>
                        <CI_Address>
                           <deliveryPoint>
                              <gco:CharacterString>1201 Pennsylvania Ave Suite 200</gco:CharacterString>
                           </deliveryPoint>
                           <city>
                              <gco:CharacterString>Washington</gco:CharacterString>
                           </city>
                           <administrativeArea>
                              <gco:CharacterString>D.C.</gco:CharacterString>
                           </administrativeArea>
                           <postalCode>
                              <gco:CharacterString>20004</gco:CharacterString>
                           </postalCode>
                           <country>
                              <gco:CharacterString>United States</gco:CharacterString>
                           </country>
                           <electronicMailAddress>
                              <gco:CharacterString>ofdagiu@usaid.gov</gco:CharacterString>
                           </electronicMailAddress>
                        </CI_Address>
                     </address>
                  </CI_Contact>
               </contactInfo>
               <role>
                  <CI_RoleCode codeList="http://www.isotc211.org/2005/resources/Codelist/gmxCodelists.xml#CI_RoleCode" codeSpace="ISOTC211/19115" codeListValue="originator">originator</CI_RoleCode>
               </role>
            </CI_ResponsibleParty>
         </pointOfContact>
         <pointOfContact>
            <CI_ResponsibleParty>
               <individualName>
                  <gco:CharacterString>GIU Staff</gco:CharacterString>
               </individualName>
               <organisationName>
                  <gco:CharacterString>US Agency for International Development/OFDA</gco:CharacterString>
               </organisationName>
               <positionName>
                  <gco:CharacterString>Economic and Humanitarian Assistance</gco:CharacterString>
               </positionName>
               <contactInfo>
                  <CI_Contact>
                     <phone>
                        <CI_Telephone>
                           <voice>
                              <gco:CharacterString>(202)661-9321</gco:CharacterString>
                           </voice>
                           <facsimile>
                              <gco:CharacterString>(202)347-0315</gco:CharacterString>
                           </facsimile>
                        </CI_Telephone>
                     </phone>
                     <address>
                        <CI_Address>
                           <deliveryPoint>
                              <gco:CharacterString>1201 Pennsylvania Ave Suite 200</gco:CharacterString>
                           </deliveryPoint>
                           <city>
                              <gco:CharacterString>Washington</gco:CharacterString>
                           </city>
                           <administrativeArea>
                              <gco:CharacterString>D.C.</gco:CharacterString>
                           </administrativeArea>
                           <postalCode>
                              <gco:CharacterString>20004</gco:CharacterString>
                           </postalCode>
                           <country>
                              <gco:CharacterString>United States</gco:CharacterString>
                           </country>
                           <electronicMailAddress>
                              <gco:CharacterString>ofdagiu@usaid.gov</gco:CharacterString>
                           </electronicMailAddress>
                        </CI_Address>
                     </address>
                  </CI_Contact>
               </contactInfo>
               <role>
                  <CI_RoleCode codeList="http://www.isotc211.org/2005/resources/Codelist/gmxCodelists.xml#CI_RoleCode" codeSpace="ISOTC211/19115" codeListValue="principalInvestigator">principalInvestigator</CI_RoleCode>
               </role>
            </CI_ResponsibleParty>
         </pointOfContact>
         <spatialRepresentationType>
            <MD_SpatialRepresentationTypeCode codeList="http://www.isotc211.org/2005/resources/Codelist/gmxCodelists.xml#MD_SpatialRepresentationTypeCode" codeSpace="ISOTC211/19115" codeListValue="vector">vector</MD_SpatialRepresentationTypeCode>
         </spatialRepresentationType>
         <spatialResolution/>
         <language>
            <gco:CharacterString>English</gco:CharacterString>
         </language>
         <topicCategory>
            <MD_TopicCategoryCode>boundaries</MD_TopicCategoryCode>
         </topicCategory>
         <environmentDescription>
            <gco:CharacterString>Microsoft Windows Vista Version 6.1 (Build 7601) Service Pack 1; ESRI ArcCatalog 9.3.1.3000</gco:CharacterString>
         </environmentDescription>
         <extent>
            <EX_Extent>
               <geographicElement>
                  <EX_GeographicBoundingBox>
                     <westBoundLongitude>
                        <gco:Decimal>69.237645</gco:Decimal>
                     </westBoundLongitude>
                     <eastBoundLongitude>
                        <gco:Decimal>71.859768</gco:Decimal>
                     </eastBoundLongitude>
                     <southBoundLatitude>
                        <gco:Decimal>31.052904</gco:Decimal>
                     </southBoundLatitude>
                     <northBoundLatitude>
                        <gco:Decimal>34.975957</gco:Decimal>
                     </northBoundLatitude>
                  </EX_GeographicBoundingBox>
               </geographicElement>
            </EX_Extent>
         </extent>
      </MD_DataIdentification>
   </identificationInfo>
   <distributionInfo>
      <MD_Distribution>
         <distributionFormat>
            <MD_Format>
               <name>
                  <gco:CharacterString>ESRI Shapefile</gco:CharacterString>
               </name>
               <version>
                  <gco:CharacterString>3.x</gco:CharacterString>
               </version>
            </MD_Format>
         </distributionFormat>
         <distributor>
            <MD_Distributor>
               <distributorContact>
                  <CI_ResponsibleParty>
                     <individualName>
                        <gco:CharacterString>Staff</gco:CharacterString>
                     </individualName>
                     <organisationName>
                        <gco:CharacterString>Geographic Information Support Team</gco:CharacterString>
                     </organisationName>
                     <positionName>
                        <gco:CharacterString>Data Repository</gco:CharacterString>
                     </positionName>
                     <contactInfo>
                        <CI_Contact>
                           <phone>
                              <CI_Telephone>
                                 <voice>
                                    <gco:CharacterString>(706) 542-7766</gco:CharacterString>
                                 </voice>
                                 <facsimile>
                                    <gco:CharacterString>(706)542-6535</gco:CharacterString>
                                 </facsimile>
                              </CI_Telephone>
                           </phone>
                           <address>
                              <CI_Address>
                                 <deliveryPoint>
                                    <gco:CharacterString>1180 E. Broad Street</gco:CharacterString>
                                 </deliveryPoint>
                                 <city>
                                    <gco:CharacterString>Athens</gco:CharacterString>
                                 </city>
                                 <administrativeArea>
                                    <gco:CharacterString>Georgia</gco:CharacterString>
                                 </administrativeArea>
                                 <postalCode>
                                    <gco:CharacterString>30602</gco:CharacterString>
                                 </postalCode>
                                 <country>
                                    <gco:CharacterString>United States</gco:CharacterString>
                                 </country>
                                 <electronicMailAddress>
                                    <gco:CharacterString>gist-admin@cviog.itos.uga.edu</gco:CharacterString>
                                 </electronicMailAddress>
                              </CI_Address>
                           </address>
                        </CI_Contact>
                     </contactInfo>
                     <role>
                        <CI_RoleCode codeList="http://www.isotc211.org/2005/resources/Codelist/gmxCodelists.xml#CI_RoleCode" codeSpace="ISOTC211/19115" codeListValue="distributor">distributor</CI_RoleCode>
                     </role>
                  </CI_ResponsibleParty>
               </distributorContact>
            </MD_Distributor>
         </distributor>
         <transferOptions>
            <MD_DigitalTransferOptions>
               <transferSize>
                  <gco:Real>916</gco:Real>
               </transferSize>
               <onLine>
                  <CI_OnlineResource>
                     <linkage>
                        <URL>https://gistdata.itos.uga.edu/data/eurasia/countries/pakistan/datasets/fata_tehsils.zip</URL>
                     </linkage>
                     <protocol>
                        <gco:CharacterString>Local Area Network</gco:CharacterString>
                     </protocol>
                     <description>
                        <gco:CharacterString>Dataset</gco:CharacterString>
                     </description>
                     <function>
                        <CI_OnLineFunctionCode codeList="http://www.isotc211.org/2005/resources/Codelist/gmxCodelists.xml#CI_OnLineFunctionCode" codeSpace="ISOTC211/19115" codeListValue="download">download</CI_OnLineFunctionCode>
                     </function>
                  </CI_OnlineResource>
               </onLine>
            </MD_DigitalTransferOptions>
         </transferOptions>
      </MD_Distribution>
   </distributionInfo>
   <dataQualityInfo>
      <DQ_DataQuality>
         <scope>
            <DQ_Scope>
               <level>
                  <MD_ScopeCode codeList="http://www.isotc211.org/2005/resources/Codelist/gmxCodelists.xml#MD_ScopeCode" codeSpace="ISOTC211/19115" codeListValue="dataset">dataset</MD_ScopeCode>
               </level>
            </DQ_Scope>
         </scope>
         <lineage>
            <LI_Lineage>
               <statement>
                  <gco:CharacterString>These boundaries are believed to have been digitized by USAID from Survey of Pakistan maps.</gco:CharacterString>
               </statement>
            </LI_Lineage>
         </lineage>
      </DQ_DataQuality>
   </dataQualityInfo>
</MD_Metadata>
